Filename,AST Time (s),AST Space (KB),CFG Time (s),CFG Space (KB)
2015-07-17-malicious-javascript-from-stepanovichon.com_deobfuscated.js,0.01581,202.500,0.00022,7.51
Calendar Program JS.js,0.02787,161.170,0.00062,24.65
JS Quiz Sample.js,0.03797,174.790,0.00099,31.37
JS Task Manager Program.js,0.02946,106.020,0.00047,17.56
Malicious 1.js,0.00568,20.320,0.00002,0.73
Malicious 2.js,0.14398,623.870,0.00002,0.73
Malicious 3.js,0.01499,22.980,0.00007,4.82
Malicious 4.js,0.01332,22.260,0.00003,0.73
Malicious 5.js,0.01020,23.120,0.00003,0.73
Malicious 6.js,0.01262,23.550,0.00002,0.73
Malicious 8.js,0.01169,22.770,0.00003,0.73
nucleotide.js,0.02834,40.280,0.00003,0.73
OutCall JS language.js,0.03633,166.620,0.00101,30.02
private_exploit_pack_cve.js,0.05116,83.880,0.00018,19.02
Quick reformating script.js,0.02736,98.200,0.00048,16.80
seo_poisoning_2.js,0.02044,72.820,0.00003,2.45
site-130746.js,0.01370,70.000,0.00004,2.45
structured_sample_1.js,0.03633,165.520,0.00079,15.62
structured_sample_5.js,0.02967,168.170,0.00053,15.56
MEAN,0.02984,119.413,0.00030,10.15
STD,0.030073792,137.8501792,0.000347809,10.71723605
